"Hash","Name"
"12bc7fa7e05091e2d413d235ef695c1d95805c8a",".gitignore"
"61e34c2e5dde6b5b6b9d1a478945726c27993d4b",".npmrc"
"f9047598a3959479c9dc199530e52539138aebee",".replit"
"9eb019cd54e4f8ea1737967adb19aa1f53562cf2",".replitignore"
"44fee84b761a7628abd81ac384a026faf4557235","artifacts"
"9bb9dd5339e9726178a55477290acfe21174ad62","artifacts/api-server"
"9a9c0ed5c42cc6a3c48c6441fff5fc90aabca0a9","artifacts/api-server/.replit-artifact"
"814b9ad51b47b2302b7364ccb37849767aec680e","artifacts/api-server/.replit-artifact/artifact.toml"
"86ebf7faaa9322b1ab55cdbbda7febaad27b35cd","artifacts/api-server/build.mjs"
"e453cacd367eed0a0aed479baa19ad7e66477790","artifacts/api-server/package.json"
"80b4de5dc226ba6374d53d96f556a02b9282be13","artifacts/api-server/src"
"81f8b6dc239dc61e2f307ffc95d0b461e22762ea","artifacts/api-server/src/app.ts"
"b1f024dd070f40db5058650016bf63746994c0ac","artifacts/api-server/src/index.ts"
"622f6a4c03a0d2e6d1e293831149deb8dc27ec84","artifacts/api-server/src/lib"
"e69de29bb2d1d6434b8b29ae775ad8c2e48c5391","artifacts/api-server/src/lib/.gitkeep"
"ce4d48f8dffc5c42dbf8406fe47c80f625955246","artifacts/api-server/src/lib/auth.ts"
"d9c67f79a82872af8336ab384014fa69bbe0695f","artifacts/api-server/src/lib/logger.ts"
"d0b58fe52b3bab1c84661f76ab7e1d8111831d8e","artifacts/api-server/src/lib/refgen.ts"
"d564d0bc3dd917926892c55e3706cc116d5b165e","artifacts/api-server/src/middlewares"
"e81370aeaf23ba1402ece78ab64c75802da91b9d","artifacts/api-server/src/routes"
"df0fd0e626717d49917bdf367d09fd65f9a5b247","artifacts/api-server/src/routes/adjustments.ts"
"546b75eaa59de58309c02550173f94400bf70cb0","artifacts/api-server/src/routes/auth.ts"
"452bcb4bf5fa7de26b58dcfe04c1ef7d0dcfa953","artifacts/api-server/src/routes/dashboard.ts"
"c0a144626055cbc728d5d813d63b389ae1e82bee","artifacts/api-server/src/routes/health.ts"
"358c1a73fe777563ff69c5c73fe76a7990e58a13","artifacts/api-server/src/routes/index.ts"
"9136dacaea357724d263186be2a110bdaa9101ae","artifacts/api-server/src/routes/items.ts"
"0af2b9f241a8da7e549bbe923d5127cb103660b7","artifacts/api-server/src/routes/masters.ts"
"40290badebb1e133b9a1f7edf44c11a62c2b24e5","artifacts/api-server/src/routes/mutations.ts"
"168878e8793e668bf74359ae2bb2546d141ec15b","artifacts/api-server/src/routes/opname.ts"
"1efdcbf34c6b126c9184e364e8b664c30630077f","artifacts/api-server/src/routes/reports.ts"
"2a7901edb81eda509f1bd8d27f95eca3d1ec7947","artifacts/api-server/src/routes/stock-in.ts"
"5ff13098be1e69c32fe46945b84824e70833907f","artifacts/api-server/src/routes/stock-out.ts"
"88e4ce26b08d2181003b1868c9bcb856b7a657c4","artifacts/api-server/src/routes/users.ts"
"b60e718d970f7497ab0d119899c3b6b9cc881b32","artifacts/api-server/tsconfig.json"
"4093e88562be1c86eeb89ba2dcb041feaea8e49a","artifacts/mockup-sandbox"
"a2f168884098ab14d796435914fe3973f7a660ba","artifacts/mockup-sandbox/.replit-artifact"
"8f94c258bc9f10c764e933c5bcea986a62b4c2a4","artifacts/mockup-sandbox/.replit-artifact/artifact.toml"
"ba0c18c0c790c4270fe1d596a400e4e24dcc643e","artifacts/mockup-sandbox/components.json"
"1397a638300ec564af33d63612ff217ea2c4012b","artifacts/mockup-sandbox/index.html"
"c09ed92cbbc0cbe8e5499340d22a576720eb3c8f","artifacts/mockup-sandbox/mockupPreviewPlugin.ts"
"20e280611ead90d8869b7460aedbaa2fb14b506b","artifacts/mockup-sandbox/package.json"
"0f80c8ccaa6d172f5ca27a62f6508b9a1e210d93","artifacts/mockup-sandbox/src"
"e2f69c153a9735fe173fad2bb7a838817c1d1d21","artifacts/mockup-sandbox/src/.generated"
"97c87e1fe941456236fbbaa8a06da5a8dbab649c","artifacts/mockup-sandbox/src/.generated/mockup-components.ts"
"d9c2317f0d952aefe737473c57dc4afe359048a0","artifacts/mockup-sandbox/src/App.tsx"
"331093f608496843d6d21095dd23ea321c61e912","artifacts/mockup-sandbox/src/components"
"23163d86eb0183eaf27128fa265630c254317cf8","artifacts/mockup-sandbox/src/components/ui"
"e1797c93458f3751a2e0f1189ff50d77f20ae3ed","artifacts/mockup-sandbox/src/components/ui/accordion.tsx"
"fa2b4429f4303210462ad03f9f49280ac5ae07ce","artifacts/mockup-sandbox/src/components/ui/alert-dialog.tsx"
"5afd41d142c95c74069ebb5460117e74ead3b9df","artifacts/mockup-sandbox/src/components/ui/alert.tsx"
"c4abbf37f217c715a0eaade7f45ac78600df419f","artifacts/mockup-sandbox/src/components/ui/aspect-ratio.tsx"
"51e507ba9d08bcdbb1fb630498f1cbdf2bf50093","artifacts/mockup-sandbox/src/components/ui/avatar.tsx"
"cfd176a05b00824f7a6a029b10bb935ef38d10bb","artifacts/mockup-sandbox/src/components/ui/badge.tsx"
"60e6c96f72f0350d08b47e4730cab8f3975dc853","artifacts/mockup-sandbox/src/components/ui/breadcrumb.tsx"
"d6e78014fc491465c059253d541b10afdaa3227a","artifacts/mockup-sandbox/src/components/ui/button-group.tsx"
"a471859fcdc6b46cc07cf9445f8b7a1765d563df","artifacts/mockup-sandbox/src/components/ui/button.tsx"
"a623682dab53fbe9e1777b83b2e93763837653d8","artifacts/mockup-sandbox/src/components/ui/calendar.tsx"
"cabfbfc59d955db9efc2049783cad4a71db55442","artifacts/mockup-sandbox/src/components/ui/card.tsx"
"9c2b9bf3705d8421bef00704c0c52e83d371ca11","artifacts/mockup-sandbox/src/components/ui/carousel.tsx"
"558b810e741ae2fa05d5249c46d3253bc9e32e4f","artifacts/mockup-sandbox/src/components/ui/chart.tsx"
"90b71e4131b047201b35476638ea324b12f76113","artifacts/mockup-sandbox/src/components/ui/checkbox.tsx"
"9fa48946afd1eb56bd932377fd888e3986304676","artifacts/mockup-sandbox/src/components/ui/collapsible.tsx"
"2cecd9104b27be82d238aa2f1cbb351e05446af7","artifacts/mockup-sandbox/src/components/ui/command.tsx"
"0cd4b2c03d306c38836d43c7f3dc2cb2547c64a7","artifacts/mockup-sandbox/src/components/ui/context-menu.tsx"
"9dbeaa096eef7b54a3272898770c4c32e00630af","artifacts/mockup-sandbox/src/components/ui/dialog.tsx"
"c17b0ccaa95dccfb96c75618e078efd263e54fd0","artifacts/mockup-sandbox/src/components/ui/drawer.tsx"
"5a20503b547ea0e4e467d63fe1ae78e4171afb52","artifacts/mockup-sandbox/src/components/ui/dropdown-menu.tsx"
"71667632e77bf4265ab740e906f785fee806eec2","artifacts/mockup-sandbox/src/components/ui/empty.tsx"
"0a276fcb1d7623b0d57fd649fddfb043b535ea62","artifacts/mockup-sandbox/src/components/ui/field.tsx"
"1fe22e6f0be2750d1b5ec3efc7346fef4612b2e3","artifacts/mockup-sandbox/src/components/ui/form.tsx"
"95643d9c7099c1179f8a876fbf8840dc077e1b38","artifacts/mockup-sandbox/src/components/ui/hover-card.tsx"
"e66a505a0fa0c4767cc00beefe969a8a41a5b597","artifacts/mockup-sandbox/src/components/ui/input-group.tsx"
"f7891c9cc8ba7868f4b5bdb67dc883b1880ade9f","artifacts/mockup-sandbox/src/components/ui/input-otp.tsx"
"69b64fb2455114c3eeda2d18741af0027b3c5e89","artifacts/mockup-sandbox/src/components/ui/input.tsx"
"93d2b8122ddd7119c3580afa71e8c53708982983","artifacts/mockup-sandbox/src/components/ui/item.tsx"
"44d8ba842d739468527fd004503f4546cc152576","artifacts/mockup-sandbox/src/components/ui/kbd.tsx"
"534182176bf87f9308355514adc884d2b69750a5","artifacts/mockup-sandbox/src/components/ui/label.tsx"
"6919168b87c646d3b27fd66d68cdd7e391757583","artifacts/mockup-sandbox/src/components/ui/menubar.tsx"
"056354bf824bf1f06e9dbceeacad512ce21b03d1","artifacts/mockup-sandbox/src/components/ui/navigation-menu.tsx"
"d3311054cd07a90d130f7996c79b3fc0feeede39","artifacts/mockup-sandbox/src/components/ui/pagination.tsx"
"fdcb511dc768b79951de97416e9bd0ff1ae9ea05","artifacts/mockup-sandbox/src/components/ui/popover.tsx"
"4fc3b473e6f51afa972f840fb0f4476f8663c256","artifacts/mockup-sandbox/src/components/ui/progress.tsx"
"9d3a26e6ec5d8647f22d754be5affd9e8eba1ec5","artifacts/mockup-sandbox/src/components/ui/radio-group.tsx"
"f4bc5586b67f45d3cc35f228e8bac2e4bc2cea16","artifacts/mockup-sandbox/src/components/ui/resizable.tsx"
"cf253cf17056ce04827219643e484ea99c77cf6b","artifacts/mockup-sandbox/src/components/ui/scroll-area.tsx"
"6e637f7dc67daa0b2ce4f440e4bbdb3f14ce3c03","artifacts/mockup-sandbox/src/components/ui/select.tsx"
"6d7f12265ba0338704f013930ce4d52c56527dd1","artifacts/mockup-sandbox/src/components/ui/separator.tsx"
"272cb721eb48b7a5833ccd51f940a8830d85b64e","artifacts/mockup-sandbox/src/components/ui/sheet.tsx"
"3e5c20556fd9212b53e8305579b57954a1bd06ad","artifacts/mockup-sandbox/src/components/ui/sidebar.tsx"
"d7e45f7bd315f86eabf32f2c9425223417920e60","artifacts/mockup-sandbox/src/components/ui/skeleton.tsx"
"9398b331513e9668b8d76f2905d570c34d080fd2","artifacts/mockup-sandbox/src/components/ui/slider.tsx"
"452f4d9f0dde88611113632c1d759d60155fe4d3","artifacts/mockup-sandbox/src/components/ui/sonner.tsx"
"a70e713c5b4ecb2af186efe3fadea51805f26ba5","artifacts/mockup-sandbox/src/components/ui/spinner.tsx"
"455c23b6cd5adcb0278792568cdddf084a4a37c9","artifacts/mockup-sandbox/src/components/ui/switch.tsx"
"c0df655c0bf26af1148d038e1d013e884663b240","artifacts/mockup-sandbox/src/components/ui/table.tsx"
"85d83beab3224580318b1dd85f93e9294fae32c0","artifacts/mockup-sandbox/src/components/ui/tabs.tsx"
"e56b0affd7e03bd8359092a81d81c606ab09972d","artifacts/mockup-sandbox/src/components/ui/textarea.tsx"
"a822477534192c4df5073e4015f7461e739d3344","artifacts/mockup-sandbox/src/components/ui/toast.tsx"
"6c67edff67a48c6ac1c46f25a6d468dd461e66cb","artifacts/mockup-sandbox/src/components/ui/toaster.tsx"
"1c876bbeecabe59b684719afe58e684f34cdecbf","artifacts/mockup-sandbox/src/components/ui/toggle-group.tsx"
"ab0a30fb3daa5b3fe5a4158ee1372405aac50aba","artifacts/mockup-sandbox/src/components/ui/toggle.tsx"
"28e19183f4d9dfbb73c82928190556b69575eb2b","artifacts/mockup-sandbox/src/components/ui/tooltip.tsx"
"22a3620c73318bb39d27e5d21a5c9ba428d469b1","artifacts/mockup-sandbox/src/hooks"
"2b0fe1dfef3b17850bbac040665f514a8ffd0f15","artifacts/mockup-sandbox/src/hooks/use-mobile.tsx"
"4da06d4715bc3dfba3873ec4229040533a02d272","artifacts/mockup-sandbox/src/hooks/use-toast.ts"
"53b9b028ddbeeaf35a42470b4bff8387e1d08a6b","artifacts/mockup-sandbox/src/index.css"
"1bdc1d66ab5752bb8929bbb4ca0daee1df5f30da","artifacts/mockup-sandbox/src/lib"
"bd0c391ddd1088e9067844c48835bf4abcd61783","artifacts/mockup-sandbox/src/lib/utils.ts"
"696e0d2b94fbc09e5bf2378678cfe86625c2f15c","artifacts/mockup-sandbox/src/main.tsx"
"bfcc6513c12ae483a36ed1e43d12611ba0eb246a","artifacts/mockup-sandbox/tsconfig.json"
"3b4f2ca0d9f1531a73133ce58513bcc8a9f0f420","artifacts/mockup-sandbox/vite.config.ts"
"0aeb45cc6deb960197766d84383021260b7832ef","artifacts/si-gaplek"
"7683c2da187c7fa18d26ce09fa0545f47c29ad3c","artifacts/si-gaplek/.replit-artifact"
"5a4f459846ee2d92418ae6c4e3a93a82c6eb721d","artifacts/si-gaplek/.replit-artifact/artifact.toml"
"3ff62cf0842657da595682900f6aa27592c67b4c","artifacts/si-gaplek/components.json"
"04d38c14de379dbe03ea997ade71de28162db9ec","artifacts/si-gaplek/index.html"
"3ba3dbdb289a2bc7eab43345ea9cd5ef43661afc","artifacts/si-gaplek/package.json"
"d998e421a6be18866016c1c7908add80067c551a","artifacts/si-gaplek/public"
"4373d3cd2f3dad5ca6f33b5cdcccc61edaef8eb7","artifacts/si-gaplek/public/favicon.svg"
"10352a95a26c737778326888afdcc6eb1f8db017","artifacts/si-gaplek/src"
"3c11cf56a1c63ce40c964e7c915e451a937c4d57","artifacts/si-gaplek/src/App.tsx"
"3743050fb718461241c548fc3decdb935351e033","artifacts/si-gaplek/src/components"
"c9192ad407173fcf1153ecdf101e9d3d52d48753","artifacts/si-gaplek/src/components/layout.tsx"
"3bc3677323a9daf9d49cd129e4255c154017bff8","artifacts/si-gaplek/src/components/ui"
"3f03665878d609428688f5736ab2300297115e5f","artifacts/si-gaplek/src/components/ui/badge.tsx"
"16eb95d1cca6cdc61889bdf0d9206ad0dfcec427","artifacts/si-gaplek/src/components/ui/button.tsx"
"23dc1c1bb3a575bdb557e5fce9348f3815458178","artifacts/si-gaplek/src/components/ui/chart.tsx"
"1233eff82050abcd053131fd15ab80f87ecc15c6","artifacts/si-gaplek/src/components/ui/input-group.tsx"
"41362f6f40769bd800e4b1e77dfcc0ca61300636","artifacts/si-gaplek/src/components/ui/sidebar.tsx"
"68e9d41c43aae32ee5314e0006e01345589570f4","artifacts/si-gaplek/src/hooks"
"2c14125ac48b874740770da80d9e424daf1db58b","artifacts/si-gaplek/src/hooks/use-toast.ts"
"312724e97cc46f4e99f221235ee67cd3d12479b2","artifacts/si-gaplek/src/index.css"
"a9d6a38f3607ba0fdb94fb0ad3e6b9f8c59ef98c","artifacts/si-gaplek/src/lib"
"d99c202ada0b9bea8ae2de329481976a92926f36","artifacts/si-gaplek/src/lib/api.ts"
"5f0cb1b17f07e069905f1e7f0614abfa502fc96f","artifacts/si-gaplek/src/lib/auth-context.tsx"
"0991a3120f9ea9e8ab86d32fd28c6c8c2876b306","artifacts/si-gaplek/src/lib/utils.ts"
"7a201766ec8c2ecd053f04ec298fb3d8a41c94e6","artifacts/si-gaplek/src/pages"
"00a1c1012e0a530d650506261076c7ce057dd8cc","artifacts/si-gaplek/src/pages/dashboard.tsx"
"7a101b07ad7515b99e1d56d779a2fc84450ca8ea","artifacts/si-gaplek/src/pages/laporan"
"d3a05f7fc9759bbac80e6c068faa79a4e84152aa","artifacts/si-gaplek/src/pages/laporan/log.tsx"
"dc09b12919293889a3b94e93c5dc4bbef0d301e6","artifacts/si-gaplek/src/pages/laporan/nilai.tsx"
"6bb7958c899fd3b3277ce19d6ed36eaf833fa066","artifacts/si-gaplek/src/pages/laporan/stok.tsx"
"468abeb9fd064524cdc78364566799c3a8fef2f7","artifacts/si-gaplek/src/pages/laporan/transaksi.tsx"
"4c40f6aae982a2301cf44f92ed4978d16c75fec8","artifacts/si-gaplek/src/pages/login.tsx"
"a7111a3bd414906c4ae95cadd2d45eb15ee9dc3a","artifacts/si-gaplek/src/pages/master"
"51ff04597b165cc1c57486e1e262885c9f84cdfe","artifacts/si-gaplek/src/pages/master/barang.tsx"
"d1bc994f221141212e01f6cbe33bf10d054242dc","artifacts/si-gaplek/src/pages/master/departemen.tsx"
"173cc0a3e326f6763472847aad13e29cc5fb0cec","artifacts/si-gaplek/src/pages/master/gudang.tsx"
"7cb50b1f7f21430cfe078816ec80c2871f0cb74b","artifacts/si-gaplek/src/pages/master/kategori.tsx"
"46d370ceae1c46518d5e5ef5754926a1e7805973","artifacts/si-gaplek/src/pages/master/lokasi.tsx"
"a03b1e704505f50dc7330735b9d62fb44db08c97","artifacts/si-gaplek/src/pages/master/satuan.tsx"
"2588536eccae2cac36207fdef552dd8536403ef2","artifacts/si-gaplek/src/pages/master/supplier.tsx"
"dba9f8316f8e796e2808090c4f6cf770e6b90c4a","artifacts/si-gaplek/src/pages/not-found.tsx"
"31c4193eb8de26c48b75512a04a0a3f04666c282","artifacts/si-gaplek/src/pages/pengguna.tsx"
"9f54849916b18ae22a6a9bbc0309fbaffbe5d7bf","artifacts/si-gaplek/src/pages/transaksi"
"1e86d3147b5d83cdcdc672f9d55ab084b4d25887","artifacts/si-gaplek/src/pages/transaksi/keluar.tsx"
"738f3961ff5bf8f8928a7b92dc79383bfb1dffee","artifacts/si-gaplek/src/pages/transaksi/masuk.tsx"
"46bcd37cf793fb81019e097f9013bca88508532b","artifacts/si-gaplek/src/pages/transaksi/mutasi.tsx"
"94a7c26f15f9881944163e4a3eef7e3b8c04f6da","artifacts/si-gaplek/src/pages/transaksi/opname.tsx"
"008a52585cdddfffef4b48be38b00ac964c08926","artifacts/si-gaplek/src/pages/transaksi/penyesuaian.tsx"
"a10abf0caa7b3dc33de300679904c94385ba99ab","artifacts/si-gaplek/tsconfig.json"
"6676c4066fc1209be9a00a8ea930c54a0e3be05a","artifacts/si-gaplek/vite.config.ts"
"1244c36b438ceb55366200be9d4ddd63d9192dee","lib"
"5ca2b40917e6825b93cc02c2abb78b276d9c68ba","lib/api-client-react"
"c2005452ab09fbec1ef36a804d41a8608e29873d","lib/api-client-react/package.json"
"83639bd4bc91ac5066ccaf1440802f4a52d72319","lib/api-client-react/src"
"3a5021b6a11c47985772b83830035345c155856b","lib/api-client-react/src/custom-fetch.ts"
"752cf010e2342dbcc4cbd3377c658161d8f068c0","lib/api-client-react/src/generated"
"712b28dacb96063091bddc8bf7f7f2dd48b4a836","lib/api-client-react/src/generated/api.schemas.ts"
"bdd268975d168809c9d7b000df26edcad61a1183","lib/api-client-react/src/generated/api.ts"
"980b8e289e42953d2df31f986f1245b6131ca7d8","lib/api-client-react/src/index.ts"
"e4acad8b933f59a1f96e434d903346bce382e13a","lib/api-client-react/tsconfig.json"
"586424c5f91bd984cfb51d88b23194c58a49e8e0","lib/api-spec"
"f58a21b7e3ae9fcb7870c3fc3e9cc50f7e929a41","lib/api-spec/openapi.yaml"
"49d055f0aa45c0c230097750c725af2c676efdb6","lib/api-spec/orval.config.ts"
"e55de9149109b114d7f274b42f4b0536ab4efee0","lib/api-spec/package.json"
"e49b0a0133c5caac5e5994381f59575195d054dc","lib/api-zod"
"60fe769c6a815c47e7930c1171703512a75ad389","lib/api-zod/package.json"
"5384c954298b4460e47cae6b518437568c0e4b75","lib/api-zod/src"
"a5ba9403f3749f38b3741a67190e7aac2771ed38","lib/api-zod/src/generated"
"9134fe5ac48f1da32c728f84a6ec11f6fd9b735e","lib/api-zod/src/generated/api.ts"
"03bdc5be17b774dc823698b656fe11c177d95bd8","lib/api-zod/src/generated/types"
"989573d527543c5f469ba18f3e70ff2f79af22e0","lib/api-zod/src/generated/types/adjustment.ts"
"0ee27df92d62eaea20bb6dde9f2551dc341af5e4","lib/api-zod/src/generated/types/auditLog.ts"
"b3d9c93b0534c9133de0ace0fee7d4f4c232ba25","lib/api-zod/src/generated/types/category.ts"
"0be9206919224ed9262aecd6c621ad65149317d1","lib/api-zod/src/generated/types/categoryValue.ts"
"20143193e7abb9e456dd67a87a5359393983ba67","lib/api-zod/src/generated/types/createAdjustmentBody.ts"
"a3d22732bc5f26e9cbe1daadfe107417ec647ef4","lib/api-zod/src/generated/types/createCategoryBody.ts"
"55f6722035f5af68bbd13ff95c35a6a1b12ba225","lib/api-zod/src/generated/types/createDepartmentBody.ts"
"a94ec61e5cc9769daad36fb18c608d413a93c726","lib/api-zod/src/generated/types/createItemBody.ts"
"b6b79b47b0a5f87a03dd4339667f27637789fff2","lib/api-zod/src/generated/types/createLocationBody.ts"
"a8f2dbeacbd28c0af21d5a9940fffc672f8b3344","lib/api-zod/src/generated/types/createMutationBody.ts"
"73459c15b6b7d2426c38de548ce3fb3399b847f8","lib/api-zod/src/generated/types/createOpnameBody.ts"
"0e6131ab2f9a59927f78f8fca5b3e6fc0aac278d","lib/api-zod/src/generated/types/createStockInBody.ts"
"39cfc5ddb1276d30b354a038d18a47cf1930177d","lib/api-zod/src/generated/types/createStockOutBody.ts"
"a5cb2c9ecd8714c8f1733fbd58cad5829b197566","lib/api-zod/src/generated/types/createSupplierBody.ts"
"bdf385d5e4a1e3721176ddf2d14f0ef68036afca","lib/api-zod/src/generated/types/createUnitBody.ts"
"9cf8e88816001dad3e18f748f0aa5888b188869b","lib/api-zod/src/generated/types/createUserBody.ts"
"de2afff4f9cc3b214542f7eff78a26b4c507150d","lib/api-zod/src/generated/types/createWarehouseBody.ts"
"58c9e1f343ef4612ac4ea3f1b36bc78385c10623","lib/api-zod/src/generated/types/dashboardSummary.ts"
"b2a9c70a3e029c00a27f1f65727d89acfd376e2b","lib/api-zod/src/generated/types/department.ts"
"01cc60cdd7a0a5f015b0dced72c011e483fce9d8","lib/api-zod/src/generated/types/errorResponse.ts"
"6856f359c32d16fa8d71f6dfc8d89636fe5e570f","lib/api-zod/src/generated/types/getStockReportParams.ts"
"646bf79c35496d7bd4d1137f98a792483fd05f2f","lib/api-zod/src/generated/types/getTransactionReportParams.ts"
"b2900f2ad862324b0ad564a0df374eb12c8d5d09","lib/api-zod/src/generated/types/healthStatus.ts"
"0b43db2adcec15ecf28a479c008caa98ba40667a","lib/api-zod/src/generated/types/importItemsBody.ts"
"c1514937ba9dedc347001efcf0d12ea5e1c552ae","lib/api-zod/src/generated/types/importResult.ts"
"9d6d339229bd7c0a7c614a64172967e088afdbdb","lib/api-zod/src/generated/types/index.ts"
"161b9f50b2623ef387eb47dd1b28f181a360cd1a","lib/api-zod/src/generated/types/inventoryValueReport.ts"
"43cc5689be69e51b2ba188b52bf94880a96ca847","lib/api-zod/src/generated/types/item.ts"
"303d0bb8a28dd61c88c07abdda495179878de8dd","lib/api-zod/src/generated/types/listAuditLogsParams.ts"
"abbd94733464c876ae671bf811d9ef13f3a77f18","lib/api-zod/src/generated/types/listItemsParams.ts"
"dc6d6dfae11da4570da51b2b192c17c333722016","lib/api-zod/src/generated/types/listLocationsParams.ts"
"8043ac9c3ecaa191bd42db177de60522ae5af289","lib/api-zod/src/generated/types/listMutationsParams.ts"
"4a9d5fe3f746c2d8970fb5ca5f5f084b15e46705","lib/api-zod/src/generated/types/listStockInParams.ts"
"b93ee927ca92b66fb225a502bf356d6f4cb53fcc","lib/api-zod/src/generated/types/listStockOutParams.ts"
"16251787d53e1c0c2d8d8ca0e7d21d60460681e6","lib/api-zod/src/generated/types/location.ts"
"da5e5375d8b06dc0b39f96608479c7137b9328f4","lib/api-zod/src/generated/types/loginBody.ts"
"04c8cb278f31f64466f2a888188d71f1789aaa20","lib/api-zod/src/generated/types/loginResponse.ts"
"0aa111ca9bec22da5f2c4dadc882cfc5c9d28444","lib/api-zod/src/generated/types/lowStockItem.ts"
"31829bb5e49eadf113da07ca6163b7e658556691","lib/api-zod/src/generated/types/messageResponse.ts"
"ca6ab45dbcc68a0bfc2df8891a87f1b1cc5377aa","lib/api-zod/src/generated/types/mutation.ts"
"9bdee1d922a5e381afec71ecc6d5d9dc8d837dd0","lib/api-zod/src/generated/types/opname.ts"
"3fd8bd960316f2314c05b5316c474b504acd1fe6","lib/api-zod/src/generated/types/opnameDetail.ts"
"a8cbff3d18e70c6e70f2df96a7fc433cd93b3c5e","lib/api-zod/src/generated/types/opnameItem.ts"
"e95834f402dd0166b66476315598a90f7cc131f6","lib/api-zod/src/generated/types/recentTransaction.ts"
"79fddfb9dfbf7dbe19a701edd4e969913306e80f","lib/api-zod/src/generated/types/stockIn.ts"
"ba4dfde70ec202ac85cb12acc20a9aa42f26057c","lib/api-zod/src/generated/types/stockInDetail.ts"
"fa82b33cbd7a6acf5f81944774ee7dc537fdacd9","lib/api-zod/src/generated/types/stockMovementDay.ts"
"3bbfb5f85a37e73dce83c449c7bcf607072acbe3","lib/api-zod/src/generated/types/stockOut.ts"
"8be7c4d5f575f8f36be3c160ad195251aa085e2f","lib/api-zod/src/generated/types/stockOutDetail.ts"
"3b13e384fd8035721fc5413b75012b5d604a640a","lib/api-zod/src/generated/types/stockReportItem.ts"
"3208b5a01a5cfbadc3c4ae677b41889495c620c2","lib/api-zod/src/generated/types/stockTransactionItem.ts"
"4939552676309b7aa272b2c7581ef79d18f990c5","lib/api-zod/src/generated/types/stockTransactionItemInput.ts"
"bc8e419b98b211fd5933a88868622eac1bea0d04","lib/api-zod/src/generated/types/supplier.ts"
"4193b19246a487c4ca635475e1cf4ab2b80bab36","lib/api-zod/src/generated/types/transactionReportItem.ts"
"21539cd63d8487c449362d4edba23cd0ca431853","lib/api-zod/src/generated/types/unit.ts"
"338a5833762af69e3a1bb34787a8018eb2b458ed","lib/api-zod/src/generated/types/updateItemBody.ts"
"bb07c4a5a532bc60919f2742cd6ea2eb58bdacf2","lib/api-zod/src/generated/types/updateUserBody.ts"
"54d4c1d4ead5cdc4fc2397ad52473ee4388ae52b","lib/api-zod/src/generated/types/user.ts"
"689d220158f7fc733a45321e04fd92289703b153","lib/api-zod/src/generated/types/warehouse.ts"
"ac442e766c70f83d7aea94a00b832405db0b8d4e","lib/api-zod/src/index.ts"
"5859959cb9219e0c20d2f6b9e4c2cce2d1dc3711","lib/api-zod/tsconfig.json"
"49d5f0deffc838118edcbed07de6343c2fb55dfa","lib/db"
"dcf8b84fa750c5b2eaa7a7b1f825be697a8cc260","lib/db/drizzle.config.ts"
"91f3215ed43cb603eefd0c9402c931e0466d7601","lib/db/package.json"
"5d24a21d68dbbe94e1101a2d8d0c17b3db202928","lib/db/src"
"50cbf483d87a8a741f4965acde5edf6225fedd3e","lib/db/src/index.ts"
"1a8e511b5257f20f0bab1ccd5cbba176cce60065","lib/db/src/schema"
"8d569796d2eca2c0b9cc8630cf66c54ddf59bcc9","lib/db/src/schema/adjustments.ts"
"eb029487c2cd8243b9938e5fdd68991ea4c491be","lib/db/src/schema/audit-logs.ts"
"0cbc6870e382c65982aebefdf3075b2511942ced","lib/db/src/schema/categories.ts"
"fd1904919450198529c322beaf56d997aa336868","lib/db/src/schema/departments.ts"
"875b57f8c113ba81b487db08c040192aaa6049fd","lib/db/src/schema/index.ts"
"9adea853e23ec03f107130a377fe6e9f07715c7f","lib/db/src/schema/items.ts"
"db8f2e98c6b9ab571fcb4e6f5a570147f2f516b2","lib/db/src/schema/locations.ts"
"c6853329407651d182ba0adc0869b76ed0cd03e7","lib/db/src/schema/mutations.ts"
"cf0a64643c29f54ad64b4b88a95f8a543d0906c8","lib/db/src/schema/opname.ts"
"0def783f994eeea6aa5d7c6f1040947f0defeb08","lib/db/src/schema/stock-in.ts"
"b1a844141f77527543d03f33080b00d5c7f163f9","lib/db/src/schema/stock-out.ts"
"da61437f7b5818b2b28ef15edb310676891c0fb7","lib/db/src/schema/suppliers.ts"
"4ca66920853b7b5aac33638dc8b7a1fb55724c04","lib/db/src/schema/units.ts"
"03919c74e0383e4f17a1b1b318f396d5a85b1898","lib/db/src/schema/users.ts"
"408b9d80a908e4a5d12b4d292f2caf438b0f29de","lib/db/src/schema/warehouses.ts"
"53af906a0d19e9529580b4891101ae9637b5da07","lib/db/tsconfig.json"
"4a1e04d07818106ad9e98ed7cda5023fafb32d91","package.json"
"c8e5e2092e53d5afa9e1a920595d970434b67b0b","pnpm-lock.yaml"
"593c430fe29bd15eef6e2af0a2e7f31ab222376b","pnpm-workspace.yaml"
"a22b916cce8cb7b6f265035ed23c52499e6f046e","replit.md"
"df6477e4a40eb48007c002b872bc007fcb681e6e","scripts"
"3413c789db477be682a66ed5b71efb256c3cb10a","scripts/package.json"
"ab61c4490ae6f73dd7dd672348a1289cbad62515","scripts/post-merge.sh"
"90e29654ecf0ef9f0fcc09348038e14f74b4a7bf","scripts/src"
"9fa5cec17c0d902b107884bf52524cd83662e372","scripts/src/hello.ts"
"12e34566f4017def336165ca3ad8490746e4c73d","scripts/tsconfig.json"
"0d23073d3770dec1286f7c1bbd6eab24fd915fbe","tsconfig.base.json"
"49df732d26da445e8a1b457e8a8f588b69c1bbd1","tsconfig.json"
"8dc8fddff04309d1d915ff3502bb525051956bb4",".replit"
"bdda935a04bf45553968215287fa470ef90efc0e","artifacts"
"5cb289d8a5b044c8943170d6e85160ce65938d37","artifacts/api-server"
"1c15a36a7c274ec5bf992948c958e3d31900ec63","artifacts/api-server/package.json"
"b858bc86fdcff1fcf0350ccdbe000c71ade7f06a","artifacts/api-server/src"
"f32f71eb2abef174efb08a2cc118c7e76c6df951","artifacts/api-server/src/app.ts"
"e1871779326c7c616404543a2a9057b76bc0062c","artifacts/api-server/src/lib"
"e56c1ab41d53ae8ce7a38be160be57f3d539410d","artifacts/api-server/src/routes"
"5a1f77abda69515f1657b86f551c97570d05d6a3","artifacts/api-server/src/routes/index.ts"
"d2bf5ff0e876c2ad7d221829000bf70827a647cb","lib"
"5a5ca505cc946037bc99ed9535e7614beb64331d","lib/api-client-react"
"383c54c3e83791134a03a5e442973fea62955ae5","lib/api-client-react/src"
"665f045f5dc2eaf49807424a62800ef25ae77e43","lib/api-client-react/src/generated"
"0439d7d6744c9cabef5921934f6fb1e9d8636ff3","lib/api-client-react/src/generated/api.schemas.ts"
"ba51403fbfc86e518d8aaefdf6f3d6d1d6f72749","lib/api-client-react/src/generated/api.ts"
"c02cf245ac7c0309c1dac9ae3d7690ef35f306cf","lib/api-spec"
"bbcb2695e7e0c89b77dd2ea811937b7c299a84da","lib/api-spec/openapi.yaml"
"e338121d998b4ce8476d3d501a072fba2f69aa59","lib/api-zod"
"4fb49baa097985845cc949b847931aa85c5f48a1","lib/api-zod/src"
"8b12e470f53afea903c7255042fcbbc1ac3b4411","lib/api-zod/src/generated"
"fee3c582e60e4749878e4fa10a2025fedea25ec5","lib/api-zod/src/generated/api.ts"
"25dcac9b2c6a144fe4ab1fbc633632bbf1702056","lib/api-zod/src/generated/types"
"f1ad88cbdb391e3a2a37a7f792d9ca914da286bc","lib/api-zod/src/generated/types/healthStatus.ts"
"c8165598f2101f95dad8ca3d36e43c246d47f4e9","lib/api-zod/src/generated/types/index.ts"
"9243003f9dbd6719a083b1fa45fcdc3b3bfaecde","lib/db"
"73267a01892ac3e88fafd5a0ab5b01a78dc9c3d2","lib/db/src"
"4219dba0133cb700293f3894553db3472dc6fe43","lib/db/src/schema"
"3c00e7978fd8f29c091015aff5e1916321de1d38","lib/db/src/schema/index.ts"
"f6882dcb841ab48eaffe35eb8e0a9894403c69af","pnpm-lock.yaml"
